1,1,2,3,4,5,6,7,8,9,10,11,12,13,14,15,16,17,18,19,20,21,22,23,24
A,ATGAGACTTG,GAGGCTATCT,ACGTTGAAGA,AGATTCTCTG,AACGGCAAGA,AGCGATCTAA,ATCTGGAACG,CGATACAACG,GAACTACACG,TAAGGTAACG,CAAGAACTAG,CGAACTTGCG,ACACATAGCG,AGACTATGCG,CATTGGCTTG,CGTTCATAGA,CATCTCTGTA,ATGGACCATA,ATTGAGCGTA,ACCTGATTCG,AACATAACGG,ACCGATACGG,ACTCTGTTGA,TATTGTCACG
B,ACAAGATCGT,ATAGAAGACG,CACAGGATCG,CCACGAATCG,ACGAAGAACG,AAGTGAGTGA,ACCGCATAGA,CTATCCTTCG,GTATAGAGAG,CACACATGTT,ACTCATCTGG,GATAACCGGA,ACCTTGGACG,AGATCCTCGT,CTTGTCTACG,ACAATGACCG,ACCAATGGTA,CACTTAGCGG,CATATGATGG,CATGTCGTGA,ATCTATACCG,GTATCCTGTA,CCATGGTGAA,ACTGGTTGTA
C,AAGTGATCAG,GCGCCATCTT,AGAATTGACG,ATGACAGTCG,ACTGATAACG,CAGATCACAG,CATGTCTCTG,AATCCTACCG,CGCAGAGGTT,GAGTATAGGT,CTGGTCTCTA,CGCAATTGTA,ACAGCGTTGG,GATCAACGTA,AATGGAACGG,CTAATGAACG,AACCTTCACG,AATCTCCGAG,CATGTTGTCG,AGTGTCTATG,GCAAGCTGTT,ACATGGTCTT,TAGTATACGG,AAGGCCTCTA
D,ACGACACACG,ATCGAGAAGA,ACTAGGTCTA,AACGGATCTA,ATTCTGTCCG,ACTGTGGCCT,CACACCTGGA,CACGGTATCA,TCAAGCAACG,ACGAGTTGCG,AGATCAGAGG,CAATCTAGCG,AACGGCCTAA,ACGTTCATCG,AAGACCTTGG,CCGATCAGTA,AGGTGTCCAG,CTATGTACCG,ACAGATTCCG,AAGGAGATCA,AATGCACGTA,GTTCTGGATG,ATGGTAGTGG,ATAGCTCTCT
E,AAGGTGACGT,ATTAGTACGG,AGACATTGGT,GATTGTCGTA,AACTGTCCGG,CGTGTAATTG,ATGTCATACG,CACTAGGATA,AATACGAGCG,ACACAATTCG,CTGTGTTCAA,AGAAGGTCTG,AGTGCCAACG,AGTGTTCTCT,CCGTGTTGTA,ACTGTGACGG,AACAGTGACG,CGTAACGTGG,ATATGACGGA,TTATCTTGCG,CTAGTATTCG,AATAGCTACG,AACGGAGAGG,ATGTCGAGAG
F,AGTGAGAGAG,CAACGTCTAA,AAGCTTAGGA,GAACAAGTGG,CTTGGAACCG,ACCATATCGA,ACAGGAAGCG,ATGCTTATCG,ATGAACGGAA,ACTGTTCTTG,CCTTGCTTCG,CGACATACCG,ACTATTAGCG,AGTTAGATCG,AGGAACATCG,CAGTGTATCT,CTAATCGGTA,ATCAGTGTTG,TCTAGTCGGA,GCCTTCATCA,CCAACTAACG,ACTATCTCTG,CCAGGTTGTT,ACACGGTTAA
G,GAAGTGTGTT,AGGAATTCGG,AAGTTGAGCG,CTGGATCAGA,ATGTTCTGAG,CACATGGTCA,ACTTCGTGCG,CAGTACGATG,ACTTAAGTCG,AATGGTCTGA,CCAACTGGTT,TAGGATTACG,GTTCGGCTCT,ACATGAGTGG,ACGCATGGAA,ACAGCGTGAA,CACGTATCGT,ATGTTGCGGA,AATCGTGAGA,CAGTGAACGG,CGGATAATGG,CACCTTATCG,AAGCGTACGG,AACGTCAACG
H,TACGAGGTAA,CCGAGTGCAA,CCACTGATCT,ACATACCACG,GGATCATTGG,ATCGTTCGTA,ATATGCGACG,AGGAGAGGTA,GACATAATCG,ATGGATCTCA,GATCTGAGGA,ATGTTGTTGG,GTTCTCATCG,ACAGGTGTTA,CATCGATCAA,AACATTCGGA,AACGGCTTGG,TGGTCTATCG,AATGCAATCG,CAACACTTCG,ATATCACCGT,GAACCTGTCG,ACACAGCGTA,TGAGGATAGA
I,ATCGACTGTT,AGACTTACGG,ACATCATCCG,AATCAGAACG,AGTAGTTGGT,GAGATTCCGG,CAGTAGAGTT,GAGTTCTATC,ATAGATGCGG,AGATCGGCCA,AGCTAGTGAT,ACTCACTACG,AGGTGAGGAT,AAGCTGTCTA,CCACGCATGA,AGACGGATAG,CTCCTATACG,GTAAGATTGG,AAGCTATCCG,CAACTGGTAA,GTAATGGCCA,GACTGTAGCG,ACATGTCAGA,ACGGCTATAA
J,GGCTAATCCT,GGCTACGAAG,GGCTTCCTAT,ACATTGTTCG,ACTCCGGTAA,CCGTGGATCA,AAGACCAACG,TCTAAGGACG,CGAGATCTTA,GAATGTTACG,GTATAGCTCT,CGTAAGCGTA,TCCTTCCACG,ACGAGGTTGA,CGTATAGCGG,TAACCGTTCG,AAGTTCTACG,AGAGCGATCG,CAAGCTTCCT,CACGCATACG,ACATTCACGG,AACTCTCTGT,AGCAGTAGAG,ATCGGACAAG
K,ATCACCGTAA,CCAGTATGTA,CGGTTCCTAA,CATAACACCG,AACCACGACG,AGCTAATGGA,CGAGGTAGAG,GGATCCAATG,GGCAATCTTG,AATATGGCCA,TCAAGCGGTA,CTCAATTGGT,CAACCGGACT,ACTTCGGCAT,CTGATGCAAG,AGATAGTCCG,ACCAGGCTTA,GCATATTCGG,GACGCACAGA,GGCCTGCATT,GTAGTGTGAA,TACATGGCGG,GATATGAACG,GGCTCCATTA
L,AGTCGTTACG,CCATCGGATT,GTAAGGAGTA,GAAGATGCGT,AGATCTTCAG,CGATGAGGTA,ATTGAATCGG,CAATCATCGG,GACCTATCGG,GAATCGGCAA,AGACGTTAGA,GGATACCTTG,TCTCATCACG,AAGCTTGCGT,CTACTTGTCG,AGGAAGGCCT,AGTGATGTAG,AGGCATGTCG,ACAGACATCG,AGGTAGGTAA,ATCGGCTACT,ACGGCCACTT,CAGAGCGGAA,CAAGTCCGTG
M,CGTCAATGCG,GGATCATGCT,GTGTTAGAGT,ATCAAGCGTC,AGGAATGTGA,AACATGCGCG,AACTTAGGCG,ATACGTACTG,ATGGATGCCT,GCTAGATCGA,AGTTACCGTA,AGACTGCGTG,GCATGAACGT,CGTGAGAACG,CAGAGTAACG,AGCGGTAAGG,ACATGGAGTA,GTGAGATTCA,GGATAGAGCT,ACTACTTCCG,ATGTATGTCC,AAGCGGATTG,CACGGCTATG,CCTGCTTAAG
N,AAGACTTGTC,GGCTGTCATA,ACAGTATCGG,AAGCAGTGTT,CGATCTACGG,ACCTAACCGG,GGTACACAAG,ACGTTCGGAA,AGGTACGTTG,AGACCGGAGT,CTGATCATTG,GGAGTGCCTA,CATCGGAACT,AGTTGTACCG,ATTATCGCGA,TAATCCAACG,CTGGAACCAA,ACCGAGCTTC,AGCGTTGTTG,CACTCCGTTG,ATCCTGATCT,AATTCCGTCG,ATGCGATTCG,ACGGTACATG
O,ACCAATCACG,AGCATGGTAG,CGGTAGACAT,TAGAATAGCG,CTACTAACGG,GTCAGAATTG,CTGCAACAGG,TATCTTACGG,CCTATTCCGG,AGAGCTCAGA,CCGTGATCTT,CTGCATTCGG,GGCTAGAACA,CATTAGGTCT,ACCAACGTCG,CGTTGTCGAG,AGGAAGCGGA,CAGATCTACC,GCTTATACGT,TCCATGTTCG,TCCGATCTAG,ATTGTCCGTG,CGTGACTATA,CAGGTAAGAT
P,CCAATCTTCG,ATTACCGTGG,AGCATGTTGA,AGTACTACGA,GTAGCACACG,CAGTCTTGGA,AAGAGAATCG,AGACTGGTTA,GCTTCGTTGA,AGTGTCGACT,GAAGTGGCCT,ATGCATCGGA,ACCGGATGAA,GACGGAAGAA,GACGGAGTGA,CTGCAGAGAT,CATGCATTCT,ATGTGCTAGG,CCGTGGTAGA,CTGTACACCG,GTACGGCTGA,CACGGTCTGT,CTGGTCAACT,CTCAAGTACG

2,1,2,3,4,5,6,7,8,9,10,11,12,13,14,15,16,17,18,19,20,21,22,23,24
A,CTGGAATGTA,AACTTGCTGG,AAGATCGGAC,CCGGTAGATA,CGTGTGTAAG,AGGATCGATG,GCGCAATTAA,CACTTGTGTT,CAATGAGATG,CTGACTATCG,GTCATTCACG,CATTGAAGCG,CGGATCTTGC,GTATCCGCCA,CGGAGAAGGT,TGAACAATCG,GCGCAACCTA,CGACGGCTTA,ATGGCAAGAT,AACGGACGGA,GCTAATACCG,TGCGGACATT,ACCTAGATCA,GTAGGATGGT
B,CAAGAGATCT,ATCACTTGCG,GTTGGAGTAG,ACGTCGGATG,AGCGCTTCTT,AGCGCAGATA,CATTCGGATG,CGAGAACGTG,GTAGAGTAAG,GATCCATGGT,CGGAAGATAC,ATGGTGTCGA,GCCTAATGCG,GAGGTATGGA,ATCGCGTACG,AACGGTCAAT,GGATCGAGTA,AGGATCCGAA,GATACTATCG,GAGATCCGTC,ACTCACAGGT,CTTCGGCACA,ATCACGACCG,TGAGCTTCCG
C,CTAGGTTCAT,CAGTTCAGGT,GCGTATACAA,AGATGATCGG,GGCCTAAGAG,GGCAATTCCA,CATTGAGTAG,GAGCACTCTT,CGACTATGGC,GGTAATGCGT,ATCGTGATTC,CTGTGGCGAA,ACGGATTGGA,GGCAATACGG,CGTCAGTGGT,GCTGCTGGAT,ACGGAACTAG,ACGGAGTATT,ACGGATAGAT,CCGGAATCAT,CCGGATTCTA,GCGGAACAGT,CCTGCATCGA,GGAACAGATT
D,GGAACTTCCT,GGAAGAATGA,GGAAGCCTTA,GGAAGTACAA,GGAATGCAAG,GGAGTTCTCA,GGATACCAGA,GGATGTGATT,ACTCGAGGTA,CGGAACACGA,CGGAACTTAA,CGGATACTCA,GACAACAACG,AGGCCACATC,ACTATGTGAC,AGGTAGGACG,CAGTGGTTGT,GCGTTATCAG,GATAGGCCTA,CCGGTAACAA,CGGAGTGTGT,AGACACCGGA,AAGATGTGAG,CACGCGGATT
E,GGAACAACGG,CAGGCCATCA,CTGCCTATAA,AGCTATGTGG,ACACTGTGGT,GTCACAAGCG,CTACGACTTG,TGGTTGAGTA,TGGAGGATCG,TCAGTTGCCA,CCAGGAGTGT,ACATGGCCAA,GCGTTGCGAA,AAGGTTACCG,ATACGGACAT,AGTGGCGAAG,GCGGTAATCA,CAGACTGAGA,TCTTGTTCCG,ACCAAGCTGG,GGTTAGGAAT,AAGTCGGTAG,CACGACTGTA,TCGATCCAGT
F,GGACGAATTG,CGGACTAGAA,GAAGCTTGTA,CAATACGGAA,GAACGAGAGA,GACTTCGACG,GTACACTGGA,GTCGAGGATG,CTCATGCTAT,CCTTGCGGAA,TGGAAGCACG,AGCGTCCAAG,GCCATCTACG,GGAAGCTACT,GGTTGACTAA,TGCCACCGTA,GATTATGTCG,ACCACTGTGA,GTTGCCTGGA,CGGTTCAAGG,GACTACCGTC,ATCTCTAGGT,GCGAGTCACT,CGAGGAGATT
G,GCGAAGACTT,ACGTGGTGAT,GTGATCTGGA,CACCTACGTC,CTGGTCCGAA,TCACGGTAGG,AAGCCTTGAA,GACGCATCTG,CACGTAGACT,CACGCAACTT,ACGTCCTAGA,ACGCCTTACG,ACAATCTGTC,TAAGAATCGG,AATAAGGTGG,CAACCTCAGT,GAAGATCAGA,ATCCAAGGCG,CAGATACTTG,ACGTAAGGAC,CGTATACTGT,GGAACACTCT,GTACAAGGTA,GAATTAGCCG
H,GTATTCCGGA,AACGAAGTCG,GTTAGCTTCG,TACACTCACG,TACCTGCGTG,TGGAGTACGG,ACGCACTCAT,ATCGTACGCT,GCATAAGGTT,CGTGAGATAA,ACAGACCGTG,GACCGTTAGG,GGTACATCCA,CGTCGTACAT,AGTAGCCTAT,CTACCGGATG,CTAGGCGAGA,TTAAGTCACG,CGGATAGTTC,CCATCAGCTG,AGGCGGAGAT,CAGACATCCT,ACGTAGAATC,GGCTAGACTG
I,CAAGAGTAGA,GACAGGTCAA,AATCCGATGG,TTACCTATCG,GACGTGATCA,GGTAATGATG,GCTTCGAGAA,GGAACCAGGT,ACGATTCGAC,GACATTGTGG,AGCAACCTTA,TGATAGGTCT,AACGTCATGT,CGTTGGTAGG,GTGGAATAGG,GTTGATGTTG,TATGAGATCG,CTAACATACG,AACATCGGTT,GCATGGTTAT,GATAAGTGCG,AATCGCGTAA,AATGTTCGTC,GGTACTTCAG
J,GGAGCTCAAG,TCCTCAGTCT,GAGAGTAGAA,GGAATATCCG,ACGCGCATCA,GGCTCTAAGT,ACCAACCGTT,ACATCACGTC,AATCCTGGAC,AATGCGGCTA,AATGTCTGGC,ACACGTCATC,ACACTCGCGT,ACCATGCATC,ACCGTACAGT,ACGATCTAGC,ACGGTCCTAT,ACTTAGCGTC,AGGTTCTAAC,ATATAGGCCT,ATGATTCGCG,ATGCTAGAGA,CACGACATGC,CACGGTAATT
K,CAGAACCACG,CCACAACGTC,CCACAATAGA,CCGAGTCGAT,CCGCGACTAA,CCGGACCAAT,CCGTATAGAC,CCTAGCGTGA,CGATGTGAGA,CGCAGTCAGT,CGGAAGTGAG,CGGACCATGT,CGTAACAGTT,CGTAGAACTT,CTCTGCGGTT,CTGTAGATGG,CTGTTAAGCG,CTTACTGGCG,GAACGTACGT,GAACTCGAGG,GAAGATATCC,GAAGTTGATG,GACGATGGAT,GACTCGTCAG
L,GACTGATAGA,GAGACCTCTG,GAGGCGGTAA,GAGGTCAATG,GATGAACACG,GATGAAGCGG,GCAAGACGGA,GCATTGGTGT,GCCAGATATG,GCGAAGAGAG,GCGGTTAACT,GCGTCACCAA,GCGTCACGTT,GCTTGTCATG,GGACACTACG,GGACCATACA,GGACCTTGAA,GGACGTAGGA,GGACTGACGT,GGAGAGTTAT,GGAGCACGTA,GGCAACAGTA,GGCTTCTTGG,GGTAGTATTG
M,GGTATTCACT,GTACTGCGTA,GTCAGTTGGA,GTCATCTCTT,GTCTTAACGG,GTGCCTACCT,GTGGCATCCA,GTGGCCTTAG,GTTCTCAGTT,TATGGCCACA,TCCACAGTGG,TCCATTAACG,TCCTGATAAG,TGCAAGATTG,TGCGAATCGA,TGCTGTCCGA,GGCAACCTGT,CTTGGAGTGA,CATGTGGTAT,TAGAGACACG,CTCACATAGT,ACAGTCGAGG,TAGTGGCTGG,AAGCTACAGT
N,AGAACGGCAT,GAACCTTGGC,CGATAGAGTC,GACGTTGTAA,CCTTGACAAG,GGCATAGTTG,CACATCATGA,CGTGGTAATA,GAGCAATAGA,GAGCTCCTCA,TCGCGATCCT,ATGCTGACTT,TCAACGACTT,CCTCTGAACG,CGTAGCATCG,GCGGACTAAG,CTGGAGTATG,GGCCACACTT,GTACATGACG,CCTGCGCATT,GCGGCATGAA,CTCTGCGACA,GGATCAGCGA,TCGCATTCGA
O,GTCGTTGAGC,GTGACGTACC,ACTGATCTCC,CAGAATTCAG,CCACGAAGGT,CTTAGGTCAA,CGACGTCAAT,GACGCGACAT,GTGCTATGTA,GTATGATCAG,CGTTATGGTT,TCCAGCTAGG,AGCGAACGTA,CGGAATCCGT,GCGGTTAGTA,GTAGGTTCGG,CGACTCCAGA,CTGTCAAGGT,CTAGCTACTT,CATAGCTAGA,AGGTCATCGA,AACATGTGTC,CGCATTACCT,TGGCGTTCGT
P,TGTAATCGAG,AAGTAGTTCG,AGGCCATGAC,GTTGGTAACG,GTAGACCATG,ATCATGACGT,GGCACTCCAT,CGTGTCGGTA,GGCCATAGAT,GTTGCCAAGC,ACCGAAGTGT,CGGTACCACA,CGGAAGACTG,GATTCGAACA,ATTGTCGAAC,TAGACGTGGT,CGTTCCAGAG,ATTGGCCATC,GGTCAACATG,AGACAGAACT,CTTACGCACG,AGTGTCCTTC,ACTGTTGTGT,CGGAGCGATT

3,1,2,3,4,5,6,7,8,9,10,11,12,13,14,15,16,17,18,19,20,21,22,23,24
A,CGCAACTACT,CTACTGAGAG,AAGGTGTTCC,ACCGCGAAGT,CGATAGATAG,CGTTATCCGG,AAGCGCTAAT,GCAAGAGTCG,TCTGGCCAAT,TACGCTGCCT,CGAGTGCTTC,TAACTAGCGG,GGTTCACAGT,CTCAGCTTCT,ACCGGTTCAT,GAGGTAACGG,CGGTATGGAG,GGTAAGTGAA,GGACTTAACG,TGTTAGTACG,TACCGTAGGA,CAACTCGTGC,CGGAGTAAGA,GGTCCTATAT
B,AGAATCGTGT,GGTTAGCGAG,CATGGTCTAG,TCGCGTAGGT,CCGAGAGTAC,GGCATATAAG,AAGCCTACTT,CAAGCGCGAT,GGACACCATT,GAGCTCACAA,GCGAACAATG,GCGATTGCTG,GTCGACTCAA,ACTCGTATCG,GCAGAGTGGT,GTCCTTAGCG,TAGTAAGCCA,TGAACGTTGG,GGCTCATAGC,CGTACGCAGA,GCAAGCAAGC,CATGGAAGGA,ATAGTGCGTC,AGCAGATCTT
C,GCTGGACACT,TAGGAAGGCG,GGACACACAA,TCCGCAACCA,GCTTCATGTA,CGCATGATGT,GCGGAAGTAT,GTGCTACTAT,TCAGTGTCAA,AACGCGTATC,ACCAACGCAT,TCTCAGCGTG,CTTAAGAGCG,GGCTTGATCC,GCGTAGGTTG,AACGTTGTCT,CCGGTGTGAT,ACGAGGAGTC,TGGCCTGTTG,CGTCCTGAAG,GTACGTCCAT,AATTGCGGAT,ACACACGTGG,CCAGCTGTAT
D,AGCCAGAATC,GTCGGACCTA,TGCTAAGCGG,GTACAGACTT,AACCTGCTCA,AGATTGTGGC,GAGAATGGCT,CGGAGGAGTA,ACATCGATGC,GAATATTGCC,GCGGACGATA,AGCTATCGTC,AATTCGGAGC,AGCTGTTCAA,AGGCAACACA,AGTAACCGCT,ACTGGCATGC,TGATTGAGCG,GGCATGATTA,AGCCTCAGTT,GGCAATAACT,TAATGATGCG,CTGTACGTAG,AAGGACCGTC
E,AGCCTCCTAA,GACTAGTCTT,AAGGCCGGTT,GGTTACTCGA,TCTGATCCGG,CCATAAGCCA,CCGTATAAGG,GGTTCCTACG,ATAGAGTGGC,GCGATACTTA,ATGCGGAACA,ATTCGAACGT,AGGTACCATC,CGCTGATGAC,TCCGGTCCTT,GGAGTTAGTT,GGATGAAGTT,CGTACTCGAC,CTCAGACAGA,TGCGTTCACG,AATGAGGCCG,GACGAACGTT,GACGAATAAG,GACGAGCCAA
F,GACGAGTTCT,GACGATATGG,ACGTGAATGT,GTTAGAGGTA,AGAGACTGTA,CGGTTGTATG,GACGAGCAGT,CTCTGGTGAT,CTTATGCATC,CGTGGACGTA,ACGACACTTC,GCGTCCATTG,GAAGGACTCG,GCGCCTGTTA,ACCGCATCCT,GTCGATACCT,AGCTCAACGT,CGAACGTCGA,GTACCTTAGA,ACGTCGATAT,CGACCGTAAG,ATGGCCTGTC,GGTTGTTACT,CTTGTCCGCT
G,GACGTACTCT,AGCTGTATGT,AATCACGCCT,ACGGACAGTA,CGACAACGCT,GTGGAGCTAA,AGTGGACATG,AGTGGATTGG,ATTCCTTGGT,AGTCGTGTCA,GAAGACGTCT,AGTACAGTTC,AGAACGCACA,GACGACAATC,ACAGACTCAC,GCTTGTACTA,GCGATAACCG,TAAGATCGCT,CGACCTCTGA,ACGAGTGATG,GCTGAAGATG,GCTGAATGCT,GGTATGGCTG,CAATGGCGAG
H,CCGCCTAAGA,AGGTAATCAC,TCAACCTCCG,GAACCACGCT,GCCTACCACT,GCCTCCACAA,GCCTCTGATG,GCCTGATGAT,GCCTGTTATT,GCCTTGGAAT,GCCTTGTTAA,GCCTCTACTT,AAGCCATACA,GCGACCAGTT,ATGAGCTCTA,AAGGTTCGCT,CATGGCATTA,TCCTGGATCG,ACATCGCACT,GTTGTTCAGA,ATCGAGCCAC,ATCCGTTGTC,ACGTCGTCCT,GTCGATTAGA
I,AGGTGTCACC,GGTCTCGTTA,GAGTGGAACG,GGACACTGAT,CGTTGGATAT,TTCGATGACG,GTATCACTGC,ACTTCAGCGA,ACCGCACGAT,ACTCTTGCTG,CTGGAGACCT,GGCCTTATGC,CTAGCTGTTA,ATCCAGCTAA,CCGCACAATA,AGTGGCCTCA,CACGTTCAAC,CATTCCATGG,ACGTGTCGTT,CGAACTTATC,CACGCCTTAT,CAATATCGAC,GAGACGATCA,ACCGTTGCTA
J,CGTCACTAGG,AAGTCGAACT,GCCTAGAATT,AACACTCGAT,GCCTTCGGTT,GGCTAGCTTA,ACTCTAGAGG,ATACATCGCT,TCGAATAGGA,ACCACTCGTC,CGCCAACTAA,GTCGTGCGAT,AGTGTGCATT,ACTAACGTGT,CGAGACATTG,CTAGCCAACA,CGTGAGGTTC,TGGCAACAAC,GCTGAGCAGA,GATTCGCAAG,ACCTTCTCCG,CTATCTCAGC,ACCAGATGTC,AATTGGATCC
K,ATACAGATCC,AGCCACACGA,CGACACAAGT,AAGGCGTGAT,GAAGCGCCTT,ATGGCCTTGA,GTTAAGACGT,GAGCTTAACA,AACAAGGCGT,AGGTTGCTAT,GCAAGCGATG,AGATGTGTCG,CAAGTCTGAC,AAGTACCTAG,CCGTATCTAA,AGGACTCGCT,CGAGCATCAT,CGCAAGAGCT,TCGAGGCTAT,GTCGAAGACC,CACGATAGTC,AGATAACTCG,AACTCACGGC,CCAGCCAGTT
L,AGGAAGTATC,TCACTCCGTC,GCTGTTGTTA,TGGCTGTTCA,ATGAGGCGAG,TATAGGCGAA,ATTCGCAACC,CGACACATCC,CGCGTAGTAA,ATGGCTTCAG,CCGCTGGAAT,CGTCGAATAC,CGTCGAGAGT,AACCTCGGAA,GGTATACCTA,AGTCTACGGC,TCTAACCGTC,AAGGTCACAC,AACTACGGTA,ACAATAAGGC,AGCTATATCC,CCATCGCTAA,CTGGAGATTC,GAGTGTACTG
M,GCATAGATCC,GCTTGCAATC,GGAGAAGTAA,GGAGCTATTA,GTAAGAGCAT,GTCAGTGACT,GTGACAGTAA,GTGACCAGAG,TAATACCGGA,TAGAGGTCTA,TCATTGAGGA,TCCAGGAGTA,TCTTCGGAGG,TGCGTACGTG,TGGAGGTAAT,TGGCCATATA,ATTAGCGGTT,ATCAGTGAAC,AAGTACTCTC,AAGAGCTATC,GATGTAGCTT,TCTACGACGA,GAACTGATCC,GCAACCTGAG
N,TAGCCTCTCA,GACTACGTGA,AGGCTTGGAG,TGGCGACACT,GCGAATATCA,GCGATGATAT,ATATCCGGAT,GCCTATGCTA,AGTCATTGTC,GACAGCGTTA,GTACCAAGTC,GCCAACTCAG,GCCAAGTAAT,GCCAATCCTT,GCCACCAATA,GCCACGAGAT,GCCACGTACA,GCCACTCTCA,GCCAGTAACC,GCCAGTAGGT,GCCAGTGAAG,GCCATACCTG,GCCATAGAGG,GCCATCCGAA
O,GCCATTCAAT,TAGCAGCTAG,ACAGTGATCC,GTTGACGTGC,ACGTGTCTGG,AAGTTGCAAG,ATCCGGAAGC,CAACTTGGAC,AGTCGGACAC,GTGAGCACTG,AACCGCACAG,TGAACTGTGA,ATGTAACGGC,CGGCATGATC,TGTCCGACGT,GCCTACAGGA,AGGCTGCCAA,GAGTGGTTAA,AGTCCACCGT,ATCGCTAACA,CATGAGACGA,CTAAGAGCTA,CAGTAGGCGA,AGCTTCCTCC
P,ACCGACGTTA,ACAGGAGATG,AGGCTCTGTA,AACTGGCGTA,ACCACCATCC,ATCGCATTAG,AACACGCTGA,ATCCATGATG,AAGTAGATGC,ACGACGCCTA,GAGTTGCACA,AATCTGCATG,AACCGTCAGC,ACTGCATGAG,GGTACAAGTT,ATCCGACGAA,AGCTGGACTA,AACTGCCAAG,TGCGCCTGAA,CTGAAGGTGT,AAGACACTGT,CGAAGCGCAA,AGAGATGTTC,TTAAGGTCGG

4,1,2,3,4,5,6,7,8,9,10,11,12,13,14,15,16,17,18,19,20,21,22,23,24
A,AAGCTAGCAA,GGCAGACATC,TCTCGACATG,GCAGTGATGA,AGAGGAGCTA,CTGGAGGCTA,AGGAGATTAG,GCTGTGAATT,CATTCGTTAC,CCACAGCTCA,GCACTCAATT,AGCTAAGACT,AGTCAGACTG,ACATGCTTGT,AGATGGAACA,AATGTAGACG,CCTCGCCTTA,CAGACTCGTT,GTATCGCTTG,GAATGGACTT,TATACAACCG,CGGTTGGTGT,CACGGACACA,ACACAAGGAG
B,AGATTAGGAG,ATCAGAGGAG,CCGATAGGAG,CTAGAAGGAG,ATAGATCTGC,CCACGGATAC,TCGAGAACAG,CCAGACTACA,CGAACCTACA,CGACAGTACA,GAGAGTTACA,ATGCGTGGAC,AGATGCCTAG,GTGACACACT,CGCCTCTATA,TACTTCACAG,TTCCACACAG,GGACGGCTAT,GGAATTGTCC,CAGAGCTTCG,TCAAGCTTAG,ATAGCAGTCA,AATCGGTTAC,AGAACCTCAC
C,CACCAAGATC,CGAGCAGTTC,CATAGACTCG,CGTCAGAGAC,AGTGAAGCTG,GCAACTGCCA,GGACGTCATG,AACGAGAACC,CTGATTGTGG,TTGAAGCTGA,TGCACTCGAA,CAGAGGCTCA,ACTACGGATC,GATAACGCCA,GACTGAAGTC,AGGAGTCTCG,CACAGTACTG,ACCTGTAGTC,ACTCGTCGAA,CGATTCCTCG,ACACCACCAT,CGAGACAGAT,ATTGACACAG,AGGATGATCC
D,CGTCAACGGA,CACACACCGT,TACACTGCAA,AACAGACGAC,GCTATCCTAG,ATATCCAGTC,CATTGTGACA,GGATCTAACC,AGGATCACGG,GTAATAGAGC,ATAGGACCAC,GCCTATATAG,AACGCGGACA,ACGGAATAAC,AGAGAACGGC,CAACGAGTCA,ACGGCTTATC,AGCCAAGTTA,AGCTCCTTCG,CCATGAACAG,GATGGTGCTA,GAATTGCGGC,AAGAAGCCAC,GAGAGACTTC
E,AGTAAGAACC,AGTCGAAGTT,AGGTGTAGCT,AGCTTAAGGC,GAAGGTACAG,CTAGAGGTCG,AGCACGTATA,AAGGCTCGGA,ACAACGCCAG,AAGCGCCTGA,ACGCCAACAG,ACGCCACGTA,CAAGGACGAC,ATGCTCACAG,AATTGACTGC,AGTGAACACC,AGTGAGGAAC,ACTGCTTACA,ATGCACATGG,GAACACTCGG,TACTACTCGG,ACGGATATGC,GGACAGGTTG,CAGAAGCAGA
F,AACCGAGGTT,CCATGGTACC,ATAACGGCGG,CATTAGCCAG,CTCTAATGGC,ACGATGAGCT,AAGACCGAGC,TGCACTGTAT,AGCACATCAA,ACTAGGCTCG,GCGCAGTGAT,CGGATATACG,GACAAGGTTC,GATCACATGA,GTCAAGCTCG,CCTTCGAAGA,CAAGCGTACC,CCTTCAGGCT,ACGCCTGGTT,ATATCGGTCG,CATCACGCTA,GAAGTCTTCG,AGAGTGGCTG,CAGGAGCATC
G,GCCAGACGTT,CATGGCAACC,ACCAGGTTCC,AGCCTGAGAC,ACAGCCAGAG,AGCATGTACC,CTAGACAAGC,AGAGATGACA,ATGGTTAGTC,AGTACTGAAC,CTCAGAGTCA,AACAAGACTG,GTTATGCTCC,TACGTGCTCG,TCGATAGACT,CATAATCAGC,ATCTATGGAG,GATAATGGAG,CATGACGAGC,CCGTAGCAAC,CAAGAATGGC,ATGATGGACC,ACTCGTACTT,CGAACAGCGT
H,ACATCTGACC,AGTTACGACC,AGGATCAGTC,GCCTGTACAC,CATCCTCGTG,AACCAGCCTA,AAGCATTAGC,CAGACCAGTC,AGGACGCAAT,CCGGAGAACA,AGCGGTTACA,AGCTTCTACA,AAGGCGACTG,ACGTCTACGT,GCCTACTTGT,CAGGAAGACC,CTATACGACC,AACTCTACAG,AGGCATACAG,CCTAGTACAG,ACAGTGCCAC,ATAGCGGCAA,ACAACCTACC,ACGAATTACC
I,ACTCGATACC,AGTCCGTACC,AGTGCATATC,AATCTCACTC,CATGAAGTAC,AATCAGCTTC,CGCCATTAGC,AGCAAGCTAT,AACCACCGTG,CAGGAGAGAA,CTAAGCCATC,AACAAGCTCC,AAGCCGGAAC,GATGTCGTTG,CGTGCTACAG,CAGTCACTCG,TACCGACTCG,AGCTTAACCG,AGGTCAGAAC,AGAATGCTGC,ACCGGACATC,ACGCGGTAAC,ACCGTTAATC,CCACTGAAGC
J,GCTAGTGGTT,AGACAATACC,ATCGACGGAC,ACGGTCTGAC,TGCGCTGCTA,GTGAGGTCGA,AAGAGGCTGC,AGCAAGATGC,ACACGAGTAC,CACAACGACC,CATCAATACC,CGAGAATTCC,CGAGGTTACC,CTTAGGTACC,GATATAGACC,GCAGAACTCC,ACTCGCCTAG,AATTCGCCTG,CATTAGAACC,AAGATACACC,ACCTTACACC,ACGCTGCTTC,AACGAATCAC,TAGATCGCAA
K,AACATCCTAG,CACATGCTGC,AGGCACTCTG,AACTCCTCAC,AAGGTGAATC,AACCAGTCCG,GAGGACACAG,AGAAGACTCC,ATCCGAGATC,CTTAAGCCGG,GAACAGTATC,AAGAGCGGCT,TAGTGAGACC,ATACCGAGCT,AATACCGACA,CAACACGACA,CTAGTAAGAC,CCGGATTAGC,CTACGTTCTC,CCTTCTTACC,GGCACAATCC,GTTAGCCACC,CACTGCATCC,AGGACTTAGC
L,AGTTCTCAGC,ACATTGAGAC,ATAACGAGAC,AACGTCCGAC,AGAGAATCTC,ATGAGTCAGC,GAATGTCAGC,GAGTACAAGC,GAGTCTGAGC,AGTATGGAGC,GAACGCCAAT,TAACGCCACG,TTGAGACGTC,ATCTCAAGTG,ACACTATCAC,GTCATGAATC,CGACCTAGAC,CAGTCCTCAT,CCTTAACAGC,ACTACTAGAC,AGGAACTGAC,AAGCACGATC,TATGGCACGT,ACATAGGACA
M,CGTTAGGACA,GATGAGGACA,GCGATGGACA,GAAGAGCAAC,ATCCACAGTC,ACTGCGAGCT,ACTTGGTCGG,AAGGTCGTGC,AAGCTAGGTC,GTTACTGACA,ACGCATTCTC,GCTGCCATAG,GCTGTTATCC,CGCGCCAATT,ACCAGGTGAG,CAGGCACTAC,GCGCTAATTG,AGTGCAAGGC,TAAGCACGGC,ACTCCAGACA,CAGTCAGACA,TAACCAGACA,CACAGCAATC,AAGTCAGCTA
N,AACAACACAC,ACCGTAACAC,ATAATCCACC,CCTAACCACC,AACCGGTCTC,AAGAGAGAAC,AATCCAACAC,ACCAAGAGAC,AGACATGGAC,AGTCAACCAC,CAAGATTCAC,CACAGCTTAC,CACCTCTCAC,CATAGAGGAC,CCTCGAGAAC,CGTTATACAC,CTTGTACAAC,GCAGCTTCAA,ACTACTCACC,CGATATCACC,ACGAGCTACA,TCGTTACGTC,ACACAACGGT,ACCTTCCGGT
O,GCCTAACGGT,AGCTTACCAC,GCTGAGTTAC,GCCATCGTAT,ATTGCATGCT,AAGTGGCGAC,GGACTAGTAT,ACCTACTGGC,GATCGCAGTC,ACCGCCTTAA,CACTCTAGGC,CCTAATTCAC,ACCAGTGGAT,CCGCATATAG,TCAACAAGTC,TTACTGAGTC,CTAGCCTCAG,CACAGAGCAG,TGAAGAGCTT,AGGTATAAGC,GCCACAGCAA,GACTAGTACC,GCAATACACC,TGAGCATACC
P,ACAGCCTCTG,ACCTGAGCAG,ACCTATAGCT,TGGCATGCTT,ACCGAAGACA,AGCAACGAAC,AGTGGCTTAC,ATTCTTCCAC,CAGGTTATAC,GAGATACCAC,AACCTTCCTC,CAATGTCCTC,GCAGAGTACC,GAGAGAGACT,ACTTGTCCAC,GGTTCCGCAT,AACGCCAGTC,ACTTAGACAC,CGAACGACAG,GATCCGACAG,AACTGCTACC,CACAGATGCC,ACACACAGAC,AGCGAATCCG
